{"schemaVersion":17,"addons":[{"id":"{972ce4c6-7e08-4474-a285-3208198ce6fd}","syncGUID":"ghVZSRIkQcu8","location":"app-global","version":"46.0a1","type":"theme","internalName":"classic/1.0","updateURL":null,"updateKey":null,"optionsURL":null,"optionsType":null,"aboutURL":null,"icons":{"32":"icon.png","48":"icon.png"},"iconURL":null,"icon64URL":null,"defaultLocale":{"name":"Default","description":"The default theme.","creator":"Mozilla","homepageURL":null,"contributors":["Mozilla Contributors"]},"visible":true,"active":true,"userDisabled":false,"appDisabled":false,"descriptor":"/usr/lib/firefox-trunk/browser/extensions/{972ce4c6-7e08-4474-a285-3208198ce6fd}.xpi","installDate":1450601236000,"updateDate":1450601236000,"applyBackgroundUpdates":1,"skinnable":true,"size":5028,"sourceURI":null,"releaseNotesURI":null,"softDisabled":false,"foreignInstall":false,"hasBinaryComponents":false,"strictCompatibility":true,"locales":[],"targetApplications":[{"id":"{ec8030f7-c20a-464f-9b0e-13a3a9e97384}","minVersion":"46.0a1","maxVersion":"46.0a1"}],"targetPlatforms":[]},{"id":"ubufox@ubuntu.com","syncGUID":"JPBDDpl-GnCi","location":"app-system-share","version":"3.2","type":"extension","internalName":null,"updateURL":null,"updateKey":null,"optionsURL":null,"optionsType":null,"aboutURL":null,"icons":{},"iconURL":"chrome://ubufox/content/ubuntulogo32.png","icon64URL":null,"defaultLocale":{"name":"Ubuntu Modifications","description":"Ubuntu modifications for Firefox","creator":"Canonical Ltd.","homepageURL":null,"contributors":["Alexander Sack <asac@ubuntu.com>","Sasa Bodiroza <jazzva@gmail.com>","Daniel Abramov <ex@vingrad.ru>","Arzhel Younsi <xionox@gmail.com>","Saïvann Carignan <oxmosys@gmail.com>","Chris Coulson <chris.coulson@canonical.com>"]},"visible":true,"active":true,"userDisabled":false,"appDisabled":false,"descriptor":"/usr/share/mozilla/extensions/{ec8030f7-c20a-464f-9b0e-13a3a9e97384}/ubufox@ubuntu.com.xpi","installDate":1442597111000,"updateDate":1442597111000,"applyBackgroundUpdates":1,"bootstrap":false,"skinnable":false,"size":129860,"sourceURI":null,"releaseNotesURI":null,"softDisabled":false,"foreignInstall":true,"hasBinaryComponents":false,"strictCompatibility":false,"locales":[{"locales":["af"],"name":"Ubuntu Modifications","description":"Ubuntu Firefox Pak","creator":"Canonical Ltd.","homepageURL":null},{"locales":["ar"],"name":"Ubuntu Modifications","description":"حزمة فايرفوكس من أوبونتو.","creator":"Canonical Ltd.","homepageURL":null},{"locales":["bg"],"name":"Ubuntu Modifications","description":"Ubuntu Firefox Pack.","creator":"Canonical Ltd.","homepageURL":null},{"locales":["ca"],"name":"Ubuntu Modifications","description":"Paquet del Firefox de l'Ubuntu.","creator":"Canonical Ltd.","homepageURL":null},{"locales":["cs"],"name":"Ubuntu Modifications","description":"Ubuntu rozšíření pro Firefox.","creator":"Canonical Ltd.","homepageURL":null},{"locales":["de"],"name":"Ubuntu Modifications","description":"Ubuntu Firefox Paket.","creator":"Canonical Ltd.","homepageURL":null},{"locales":["el"],"name":"Ubuntu Modifications","description":"Πακέτο του Ubuntu για το Firefox.","creator":"Canonical Ltd.","homepageURL":null},{"locales":["es"],"name":"Ubuntu Modifications","description":"Paquete de Ubuntu para Firefox.","creator":"Canonical Ltd.","homepageURL":null},{"locales":["eu"],"name":"Ubuntu Modifications","description":"Ubuntu Firefox Pack.","creator":"Canonical Ltd.","homepageURL":null},{"locales":["fi"],"name":"Ubuntu Modifications","description":"Ubuntun Firefox-paketti","creator":"Canonical Ltd.","homepageURL":null},{"locales":["fr"],"name":"Ubuntu Modifications","description":"Paquet Firefox Pour Ubuntu.","creator":"Canonical Ltd.","homepageURL":null},{"locales":["gl"],"name":"Ubuntu Modifications","description":"Paquete de Ubuntu para Firefox.","creator":"Canonical Ltd.","homepageURL":null},{"locales":["hu"],"name":"Ubuntu Modifications","description":"Ubuntu Firefox csomag","creator":"Canonical Ltd.","homepageURL":null},{"locales":["it"],"name":"Ubuntu Modifications","description":"Pacchetto Firefox Ubuntu.","creator":"Canonical Ltd.","homepageURL":null},{"locales":["ja"],"name":"Ubuntu Modifications","description":"Ubuntu Firefoxパック。","creator":"Canonical Ltd.","homepageURL":null},{"locales":["lt"],"name":"Ubuntu Modifications","description":"Ubuntu Firefox paketas","creator":"Canonical Ltd.","homepageURL":null},{"locales":["nl"],"name":"Ubuntu Modifications","description":"Ubuntu Firefox-pakket.","creator":"Canonical Ltd.","homepageURL":null},{"locales":["pl"],"name":"Ubuntu Modifications","description":"Pakiet Ubuntu Firefox.","creator":"Canonical Ltd.","homepageURL":null},{"locales":["pt-BR"],"name":"Ubuntu Modifications","description":"Pacote para o Firefox do Ubuntu","creator":"Canonical Ltd.","homepageURL":null},{"locales":["pt-PT"],"name":"Ubuntu Modifications","description":"Pacote Ubuntu Firefox","creator":"Canonical Ltd.","homepageURL":null},{"locales":["ro"],"name":"Ubuntu Modifications","description":"Pachetul Ubuntu Firefox.","creator":"Canonical Ltd.","homepageURL":null},{"locales":["ru"],"name":"Ubuntu Modifications","description":"Расширения Firefox для Ubuntu","creator":"Canonical Ltd.","homepageURL":null},{"locales":["sl"],"name":"Ubuntu Modifications","description":"Ubuntu razširitve za Firefox.","creator":"Canonical Ltd.","homepageURL":null},{"locales":["sv-SE"],"name":"Ubuntu Modifications","description":"Ubuntu-paket för Firefox.","creator":"Canonical Ltd.","homepageURL":null},{"locales":["uk"],"name":"Ubuntu Modifications","description":"Убунтівські доповнення до Firefox.","creator":"Canonical Ltd.","homepageURL":null},{"locales":["zh-CN"],"name":"Ubuntu Modifications","description":"Ubuntu 火狐扩展包.","creator":"Canonical Ltd.","homepageURL":null},{"locales":["zh-TW"],"name":"Ubuntu Modifications","description":"Ubuntu Firefox 擴充包。","creator":"Canonical Ltd.","homepageURL":null}],"targetApplications":[{"id":"{ec8030f7-c20a-464f-9b0e-13a3a9e97384}","minVersion":"9.0","maxVersion":"37.0a1"}],"targetPlatforms":[],"multiprocessCompatible":false,"signedState":2},{"id":"adbhelper@mozilla.org","syncGUID":"8exo04Fj4a6z","location":"app-profile","version":"0.8.6","type":"extension","internalName":null,"updateURL":"https://ftp.mozilla.org/pub/labs/fxos-simulator/adb-helper/linux64/update.rdf","updateKey":null,"optionsURL":null,"optionsType":null,"aboutURL":null,"icons":{},"iconURL":null,"icon64URL":null,"defaultLocale":{"name":"ADB Helper","description":"An addon to ease connecting to Firefox OS devices.","creator":"Mozilla & Android Open Source Project","homepageURL":"https://github.com/mozilla/adbhelper"},"visible":true,"active":true,"userDisabled":false,"appDisabled":false,"descriptor":"/home/vagrant/.mozilla/firefox-trunk/dkw2r6l0.default/extensions/adbhelper@mozilla.org","installDate":1452071437000,"updateDate":1452071437000,"applyBackgroundUpdates":1,"bootstrap":true,"skinnable":false,"size":2837033,"sourceURI":"file:///home/vagrant/MozITP/bin/adbhelper-0.8.6-linux64.xpi","releaseNotesURI":null,"softDisabled":false,"foreignInstall":false,"hasBinaryComponents":false,"strictCompatibility":false,"locales":[],"targetApplications":[{"id":"{ec8030f7-c20a-464f-9b0e-13a3a9e97384}","minVersion":"40.0a1","maxVersion":"44.0a1"}],"targetPlatforms":[],"multiprocessCompatible":false,"signedState":2},{"id":"b2g-installer@mozilla.org","syncGUID":"GVNX_uNTKh7w","location":"app-profile","version":"0.3","type":"extension","internalName":null,"updateURL":null,"updateKey":null,"optionsURL":null,"optionsType":null,"aboutURL":null,"icons":{},"iconURL":null,"icon64URL":null,"defaultLocale":{"name":"B2G Installer","description":"A module to flash B2G on a supported device","creator":"Mozilla","homepageURL":null},"visible":true,"active":true,"userDisabled":false,"appDisabled":false,"descriptor":"/home/vagrant/.mozilla/firefox-trunk/dkw2r6l0.default/extensions/b2g-installer@mozilla.org","installDate":1452071464000,"updateDate":1452071464000,"applyBackgroundUpdates":1,"bootstrap":true,"skinnable":false,"size":5556997,"sourceURI":"file:///home/vagrant/MozITP/bin/b2g-installer-0.3-linux64.xpi","releaseNotesURI":null,"softDisabled":false,"foreignInstall":false,"hasBinaryComponents":false,"strictCompatibility":false,"locales":[],"targetApplications":[{"id":"{ec8030f7-c20a-464f-9b0e-13a3a9e97384}","minVersion":"44.0a1","maxVersion":"99.*"}],"targetPlatforms":[],"multiprocessCompatible":false,"signedState":0}]}